﻿{"cameraMode":{"drawMode":0,"name":"Shaded","section":"Shading Mode"},"sceneLighting":true,"audioPlay":false,"sceneViewState":{"showFog":true,"showMaterialUpdate":false,"showSkybox":true,"showFlares":true,"showImageEffects":true,"showParticleSystems":true},"in2DMode":false,"pivot":{"x":4.025731086730957,"y":-4.165708541870117,"z":1.7911972999572755},"rotation":{"x":-0.11534804105758667,"y":0.8449825048446655,"z":-0.48135054111480715,"w":-0.2024870663881302},"size":11.109162330627442,"orthographic":false}